dataset,arm,n,seeds,acc,acc_std,llm_calls,decisions,tokens_in,tokens_out,wall_ms,framework_ms,usd,runs,commits
gsm8k,act,300,1,0.73,0.444,1.013,0.0,227.8,45.8,846.1,0.68,0.0,2026-09-22T07-48-22Z-seed0,1
gsm8k,direct,300,1,0.97,0.1706,1.0,0.0,74.6,132.1,1910.4,0.44,0.0,2026-09-22T07-38-42Z-seed0,1
gsm8k,react,300,1,0.92,0.2713,1.057,0.0,249.5,131.7,1229.9,0.79,0.0,2026-09-22T07-52-42Z-seed0,1
gsm8k,react-typed,300,1,0.59,0.4918,1.0,0.0,98.6,8.8,660.7,0.61,0.0,2026-09-22T08-38-57Z-seed0,1
gsm8k,reflexion,300,1,0.9667,0.1795,1.257,0.0,297.7,143.9,2133.2,0.94,0.0,2026-09-22T08-28-11Z-seed0,1
gsm8k,rewoo,300,1,0.2767,0.4474,2.0,0.0,548.3,244.7,3091.8,1.52,0.0,2026-09-22T08-12-37Z-seed0,1
toy,direct,3,1,1.0,0.0,1.0,0.0,15.3,1.0,0.1,0.11,0.0,2026-09-22T07-13-17Z-seed0 2026-09-22T07-38-32Z-seed0,2
toy,react,2,1,1.0,0.0,2.0,0.0,407.5,28.5,0.3,0.24,0.0,2026-09-22T07-13-17Z-seed0,1
toy,react-typed,2,1,0.0,0.0,0.0,3.0,0.0,0.0,0.9,0.11,0.0,2026-09-22T07-13-18Z-seed0,1
